Cláusula,Dictamen,Confianza,Referencia,Justificación
Primera.,✅ LEGAL,94.94%,El presente contrato se regulará por lo ...,La cláusula coincide con patrones legales válidos.
Segunda.,✅ LEGAL,94.78%,El contenido del contrato es el alquiler...,La cláusula coincide con patrones legales válidos.
Tercera.,✅ LEGAL,95.21%,El plazo de duración del presente contra...,La cláusula coincide con patrones legales válidos.
Cuarta.,✅ LEGAL,91.61%,El arrendador deja constancia que no pro...,La cláusula coincide con patrones legales válidos.
Quinta.,✅ LEGAL,95.62%,El arrendatario podrá desistir del contr...,La cláusula coincide con patrones legales válidos.
Sexta.,✅ LEGAL,92.59%,Una vez transcurridos como mínimo cinco ...,La cláusula coincide con patrones legales válidos.
Séptima.,✅ LEGAL,77.93%,Se fija como renta mensual la cantidad d...,La cláusula coincide con patrones legales válidos.
Octava.,✅ LEGAL,95.29%,La renta solo podrá ser actualizada en l...,La cláusula coincide con patrones legales válidos.
Novena.,✅ LEGAL,82.56%,El precio del arrendamiento incluye los ...,La cláusula coincide con patrones legales válidos.
Décima.,✅ LEGAL,95.67%,En el momento de la firma de este contra...,La cláusula coincide con patrones legales válidos.
Undécima.,✅ LEGAL,95.69%,"El arrendador se compromete a realizar, ...",La cláusula coincide con patrones legales válidos.
Duodécima.,✅ LEGAL,82.97%,El contrato no se podrá ceder o subarren...,La cláusula coincide con patrones legales válidos.
Décimo tercera.,✅ LEGAL,99.11%,El contrato no se podrá ceder o subarren...,La cláusula coincide con patrones legales válidos.
Décimo cuarta.,✅ LEGAL,97.78%,El incumplimiento de cualquiera de las c...,La cláusula coincide con patrones legales válidos.
Décimo quinta.,✅ LEGAL,75.94%,El incumplimiento de cualquiera de las c...,La cláusula coincide con patrones legales válidos.
